학번,전공1,전공2,전공3,전공4
2009-13248,수리과학전공,,,
2009-13249,서양사학전공,외교학전공,,
2009-13251,경제학전공,정치학전공,,
2009-13252,경제학전공,,,
2009-13253,경제학전공,에너지자원공학전공,,
2009-13255,경제학전공,정치학전공,,
2009-13256,경제학전공,인문소통학,,
2009-13257,인류학전공,국제개발협력학,,
2009-13258,경제학전공,경영학전공,,
2009-13259,경제학전공,정치학전공,,
2009-13260,경제학전공,경영학전공,,
2009-13261,경제학전공,,,
2009-13262,경제학전공,수리과학전공,,
2009-13264,경제학전공,,,
2009-13265,언론정보학전공,경영학전공,,
2009-13266,경제학전공,라틴아메리카지역학,,
2009-13267,심리학전공,수리과학전공,,
2009-13269,생명과학전공,,,
2009-13270,정치학전공,경영학전공,,
2009-13271,경영학전공,아동가족학전공,,
2009-13272,사회학전공,경영학전공,,
2009-13273,언론정보학전공,경영학전공,,
2009-13274,중어중문학전공,경제학전공,,
2009-13275,생명과학전공,,,
2009-13276,경제학전공,,,
2009-13277,정치학전공,경영학전공,,
2009-13278,경영학전공,,,
2009-13279,경제학전공,경영학전공,,
2009-13280,연합전공 정보문화학,경영학전공,,
2009-13281,경제학전공,인권학,,
2009-13282,경제학전공,외교학전공,,
2009-13283,생명과학전공,,,
2009-13284,심리학전공,생명과학전공,,
2009-13285,심리학전공,,,
2009-13286,심리학전공,경영학전공,,
2009-13287,통계학전공,,,
2009-13288,외교학전공,물리학전공,,
2009-13289,경영학전공,,,
2009-13292,지구환경과학전공,,,
2009-13294,경제학전공,,,
2009-13296,생명과학전공,,,
2009-13297,생명과학전공,국제개발협력학,,
2009-13299,경영학전공,,,
2009-13300,경제학전공,아동가족학전공,,
2009-13301,경제학전공,통계학전공,,
2009-13302,생명과학전공,,,
2009-13303,경제학전공,,,
2009-13304,생명과학전공,,,
2009-13305,경영학전공,,,
2009-13306,경제학전공,,,
2009-13307,경영학전공,통계학전공,,
2009-13308,언론정보학전공,경영학전공,,
2009-13309,수리과학전공,물리학전공,,
2009-13311,언어학전공,심리학전공,,
2009-13312,심리학전공,생명과학전공,,
2009-13313,언론정보학전공,경영학전공,,
2009-13314,경영학전공,국제정치경제학,,
2009-13315,언론정보학전공,경영학전공,,
2009-13316,사회학전공,경영학전공,,
2009-13317,경영학전공,,,
2009-13318,경제학전공,경영학전공,,
2009-13319,수리과학전공,,,
2009-13320,정치학전공,,,
2009-13321,영어영문학전공,경영학전공,,
2009-13322,서어서문학전공,경영학전공,,
2009-13323,경영학전공,국제통상학,,
2009-13324,사회학전공,연합전공 정보문화학,,
2009-13325,경제학전공,연합전공 기술경영,,
2009-13327,경제학전공,수리과학전공,,
2009-13328,경제학전공,,,
2009-13329,수리과학전공,컴퓨터공학전공,,
2009-13330,연합전공 기술경영,,,
2009-13331,심리학전공,경제학전공,,
2009-13332,언론정보학전공,경영학전공,,
2009-13333,경제학전공,,,
2009-13334,외교학전공,,,
2009-13335,경영학전공,,,
2009-13336,수리과학전공,국제정치경제학,,
2009-13337,심리학전공,생명과학전공,,
2009-13339,심리학전공,경제학전공,,
2009-13341,경제학전공,,,
2009-13342,경제학전공,음악미학,,
2009-13343,경제학전공,인지생물심리학,,
2009-13344,화학전공,,,
2009-13345,경영학전공,화학생물공학전공,,
2009-13346,외교학전공,국제개발협력학,,
2009-13347,경영학전공,생명과학전공,,
2009-13349,경제학전공,수리과학전공,,
2009-13350,경제학전공,,,
2009-13351,경제학전공,정치학전공,,
2009-13352,중어중문학전공,경제학전공,,
2009-13353,수리과학전공,컴퓨터공학전공,,
2009-13354,정치학전공,환경과학기술학,,
2009-13355,정치학전공,,,
2009-13356,심리학전공,경제학전공,,
2009-13357,미학전공,연합전공 정보문화학,경영학전공,
2009-13358,생명과학전공,,,
2009-13359,외교학전공,사회개발경영,,
2009-13360,외교학전공,경영학전공,,
2009-13362,경제학전공,행동신경학,,
2009-13363,경제학전공,수리과학전공,,
2009-13364,연합전공 정보문화학,경영학전공,,
2009-13365,언론정보학전공,경영학전공,,
2009-13366,경제학전공,,,
2009-13368,경영학전공,,,
2009-13369,경영학전공,산업공학전공,,
2009-13370,경제학전공,수리과학전공,,
2009-13371,국어국문학전공,,,
2009-13372,경영학전공,연합전공 기술경영,,
2009-13374,경제학전공,,,
2009-13375,경영학전공,,,
2009-13376,경영학전공,,,
2009-13377,외교학전공,시각디자인전공,,
2009-13378,외교학전공,지리학전공,,
2009-13379,경제학전공,연합전공 기술경영,,
2009-13380,심리학전공,생명과학전공,,
2009-13381,철학전공,경제학전공,,
2009-13382,중어중문학전공,외교학전공,,
2009-13383,경제학전공,,,
2009-13384,컴퓨터공학전공,시각디자인전공,,
2009-13385,경제학전공,국제환경학,,
2009-13386,경제학전공,국제개발협력학,,
2009-13387,철학전공,외교학전공,,
2009-13388,심리학전공,예술경영,,
2009-13389,경영학전공,컴퓨터공학전공,,
2009-13390,경제학전공,,,
2009-13391,경영학전공,연합전공 계산과학,,
2009-13392,경제학전공,정치학전공,,
2009-13393,경영학전공,,,
2009-13394,경영학전공,연합전공 계산과학,,
2009-13395,심리학전공,경영학전공,,
2009-13396,경제학전공,,,
2009-13397,심리학전공,경제학전공,,
2009-13398,경영학전공,에너지자원공학전공,,
2009-13399,응용생명화학전공,,,
2009-13400,경제학전공,,,
2009-13401,경제학전공,화학생물공학전공,,
2009-13404,인류학전공,경영학전공,,
2010-13314,경제학전공,수리과학전공,,
2010-13315,영어영문학전공,경영학전공,,
2010-13316,외교학전공,경영학전공,,
2010-13317,미학전공,외교학전공,,
2010-13318,철학전공,연합전공 계산과학,,
2010-13319,경제학전공,,,
2010-13320,경제학전공,정치학전공,,
2010-13321,화학전공,,,
2010-13323,심리학전공,경영학전공,,
2010-13324,화학전공,,,
2010-13326,경영학전공,,,
2010-13327,언론정보학전공,영상디자인학,,
2010-13328,경영학전공,연합전공 글로벌환경경영학,,
2010-13329,인류학전공,연합전공 정보문화학,,
2010-13330,경제학전공,경영학전공,,
2010-13331,경제학전공,,,
2010-13332,경제학전공,,,
2010-13333,경제학전공,수리과학전공,,
2010-13334,정치학전공,경영학전공,,
2010-13335,사회학전공,경제학전공,,
2010-13336,경제학전공,,,
2010-13337,외교학전공,경영학전공,,
2010-13338,연합전공 정보문화학,생명과학전공,,
2010-13339,경제학전공,,,
2010-13340,경제학전공,,,
2010-13341,외교학전공,,,
2010-13342,컴퓨터공학전공,,,
2010-13343,경제학전공,지속가능성학,,
2010-13344,경제학전공,컴퓨터공학전공,,
2010-13345,경제학전공,경영학전공,,
2010-13346,연합전공 정보문화학,가상현실학,,
2010-13347,철학전공,컴퓨터공학전공,,
2010-13348,심리학전공,경제학전공,,
2010-13349,경제학전공,수리과학전공,,
2010-13350,수리과학전공,,,
2010-13351,심리학전공,경제학전공,,
2010-13352,경제학전공,재무금융,,
2010-13354,경제학전공,컴퓨터공학전공,,
2010-13355,경제학전공,통계학전공,,
2010-13356,심리학전공,연합전공 정보문화학,,
2010-13357,철학전공,경영학전공,,
2010-13358,경제학전공,경영학전공,,
2010-13359,경영학전공,,,
2010-13360,인류학전공,언론정보학전공,,
2010-13361,경제학전공,수리과학전공,,
2010-13362,영어영문학전공,외교학전공,,
2010-13363,언론정보학전공,외교학전공,,
2010-13364,경제학전공,수리과학전공,,
2010-13365,심리학전공,정치학전공,,
2010-13366,운동생리학,,,
2010-13367,서양사학전공,생명과학전공,,
2010-13368,경제학전공,,,
2010-13369,경제학전공,,,
2010-13370,물리학전공,,,
2010-13372,경영학전공,생명과학전공,,
2010-13373,사회복지학전공,경영학전공,,
2010-13374,경영학전공,,,
2010-13375,경제학전공,,,
2010-13376,중어중문학전공,외교학전공,,
2010-13377,경영학전공,,,
2010-13378,언어학전공,인공지능공학,,
2010-13379,언론정보학전공,,,
2010-13380,영어영문학전공,외교학전공,,
2010-13381,경영학전공,,,
2010-13382,미술사학전공,경제학전공,,
2010-13383,경제학전공,,,
2010-13384,경제학전공,,,
2010-13385,철학전공,경영학전공,,
2010-13386,경제학전공,,,
2010-13387,경제학전공,문화콘텐츠마케팅학,,
2010-13388,외교학전공,경영학전공,,
2010-13389,경제학전공,물리학전공,,
2010-13390,생명과학전공,,,
2010-13391,영어영문학전공,,,
2010-13392,경제학전공,,,
2010-13393,경영학전공,,,
2010-13394,언론정보학전공,경영학전공,,
2010-13395,경영학전공,,,
2010-13396,외교학전공,,,
2010-13397,수리과학전공,컴퓨터공학전공,,
2010-13398,경영학전공,,,
2010-13399,연합전공 정보문화학,경영학전공,,
2010-13400,경제학전공,,,
2010-13401,생명과학전공,,,
2010-13402,미학전공,,,
2010-13403,외교학전공,,,
2010-13404,심리학전공,경제학전공,,
2010-13405,인도언어문명전공,사회학전공,,
2010-13406,경제학전공,,,
2010-13407,연합전공 정보문화학,컴퓨터공학전공,,
2010-13408,경제학전공,생명과학전공,,
2010-13409,영어영문학전공,수리과학전공,,
2010-13410,경영학전공,,,
2010-13411,심리학전공,경제학전공,,
2010-13412,수리과학전공,컴퓨터공학전공,,
2010-13413,경제학전공,,,
2010-13414,경제학전공,외교학전공,,
2010-13416,생명과학전공,시각문화학,,
2010-13417,경제학전공,정치학전공,,
2010-13418,화학전공,,,
2010-13419,정치학전공,컴퓨터공학전공,,
2010-13420,경제학전공,외교학전공,,
2010-13421,중어중문학전공,경영학전공,,
2010-13422,경영학전공,정보문화통상학,,
2010-13424,경제학전공,,,
2010-13425,경제학전공,,,
2010-13426,화학생물공학전공,,,
2010-13427,경영학전공,사회정보학,,
2010-13428,심리학전공,통계학전공,,
2010-13429,경제학전공,,,
2010-13430,경영학전공,,,
2010-13431,경제학전공,,,
2010-13432,영어영문학전공,경제학전공,,
2010-13433,에너지자원공학전공,,,
2010-13434,경제학전공,컴퓨터공학전공,,
2010-13435,국제식량농업개발학,,,
2010-13436,생명과학전공,,,
2010-13437,화학전공,,,
2010-13438,경제학전공,수리과학전공,,
2010-13439,철학전공,생명과학전공,,
2010-13440,수리과학전공,물리학전공,,
2010-13442,경제학전공,,,
2010-13443,경제학전공,외교학전공,,
2010-13444,경영학전공,시각디자인전공,,
2010-13445,미술사학전공,수리과학전공,,
2010-13446,연합전공 정보문화학,컴퓨터공학전공,,
2010-13447,서어서문학전공,경제학전공,,
2010-13448,생명과학전공,,,
2010-13449,기계항공공학전공,공업디자인전공,,
2010-13450,경제학전공,통계학전공,,
2010-13451,경제학전공,,,
2010-13452,경제학전공,,,
2010-13453,지구환경과학전공,,,
2010-13455,언론정보학전공,경영학전공,,
2010-13456,경제학전공,연합전공 계산과학,,
2010-13457,경영학전공,,,
2010-13458,생명과학전공,,,
2010-13459,경영학전공,,,
2010-13460,생명과학전공,노화학,,
2010-13461,경제학전공,통계학전공,,
2010-13462,외교학전공,,,
2010-13463,서양사학전공,외교학전공,,
2010-13464,수리과학전공,생명과학전공,,
2010-13465,심리학전공,생명과학전공,,
2010-13467,운동과학,,,
2010-13468,언어학전공,경영학전공,,
2010-13469,생명과학전공,,,
2010-13470,경제학전공,통계학전공,,
2010-13471,경제학전공,외교학전공,,
2010-13538,경영학전공,컴퓨터공학전공,,
2011-13229,전기·정보공학전공,소비분석학,,
2011-13230,정치학전공,,,
2011-13231,경제학전공,,,
2011-13232,사회학전공,정치학전공,,
2011-13233,수리과학전공,컴퓨터공학전공,,
2011-13234,경제학전공,,,
2011-13235,언론정보학전공,경영학전공,,
2011-13236,서아시아언어문명전공,종교학전공,,
2011-13237,경제학전공,,,
2011-13238,인류학전공,경영학전공,,
2011-13239,영어영문학전공,경제학전공,,
2011-13240,불어불문학전공,경영학전공,,
2011-13243,경제학전공,경영학전공,,
2011-13244,경영학전공,문화서사학,,
2011-13245,경제학전공,통계학전공,,
2011-13246,정치학전공,,,
2011-13247,미학전공,외교학전공,,
2011-13248,경영학전공,문화서사학,,
2011-13249,심리학전공,경영학전공,,
2011-13250,경제학전공,통계학전공,,
2011-13251,지리학전공,경영학전공,,
2011-13252,서양사학전공,경영학전공,,
2011-13253,기계항공공학전공,메카트로닉스디자인,,
2011-13255,수리과학전공,전기·정보공학전공,,
2011-13256,심리학전공,,,
2011-13257,서어서문학전공,외교학전공,,
2011-13258,외교학전공,,,
2011-13259,경제학전공,통계학전공,,
2011-13260,컴퓨터공학전공,인지종교학,,
2011-13261,외교학전공,경영학전공,,
2011-13262,경제학전공,,,
2011-13263,동양사학전공,경영학전공,,
2011-13264,경영학전공,,,
2011-13265,경제학전공,전기·정보공학전공,,
2011-13267,경영학전공,수리과학전공,,
2011-13268,심리학전공,놀이문화학,,
2011-13269,심리학전공,수리과학전공,,
2011-13270,경제학전공,통계학전공,,
2011-13271,건축학과 건축학전공(5년제),,,
2011-13272,언어학전공,연합전공 계산과학,,
2011-13273,국어국문학전공,경제학전공,,
2011-13274,에너지자원공학전공,연합전공 글로벌환경경영학,,
2011-13275,경제학전공,수리과학전공,,
2011-13276,경제학전공,연합전공 글로벌환경경영학,,
2011-13277,경제학전공,외교학전공,,
2011-13278,사회학전공,경제학전공,,
2011-13279,수리과학전공,,,
2011-13280,컴퓨터공학전공,공공발전학,,
2011-13281,경영학전공,,,
2011-13282,경영학전공,의류학전공,,
2011-13284,서어서문학전공,외교학전공,,
2011-13285,경제학전공,수리과학전공,,
2011-13286,경제학전공,통계학전공,,
2011-13287,전기·정보공학전공,,,
2011-13288,심리학전공,통계학전공,,
2011-13289,경영학전공,공공거버넌스학,,
2011-13290,경제학전공,수리과학전공,,
2011-13291,경영학전공,수리과학전공,,
2011-13292,외교학전공,경영학전공,,
2011-13293,경제학전공,화학전공,,
2011-13294,외교학전공,,,
2011-13296,심리학전공,경제학전공,,
2011-13297,생명과학전공,,,
2011-13298,경제학전공,외교학전공,,
2011-13299,영어영문학전공,외교학전공,,
2011-13300,경영학전공,,,
2011-13302,물리학전공,,,
2011-13303,연합전공 정보문화학,전기·정보공학전공,,
2011-13304,법소통학,,,
2011-13305,사회학전공,경영학전공,,
2011-13306,경제학전공,,,
2011-13308,경제학전공,정치학전공,,
2011-13309,경영학전공,,,
2011-13310,심리학전공,경제학전공,,
2011-13311,기계항공공학전공,키네틱조형,,
2011-13312,연합전공 정보문화학,,,
2011-13313,경영학전공,,,
2011-13314,경영학전공,,,
2011-13315,경영학전공,화학생물공학전공,,
2011-13316,국어국문학전공,경제학전공,,
2011-13317,심리학전공,통계학전공,,
2011-13318,생명과학전공,인지논리학,,
2011-13319,화학전공,생명과학전공,,
2011-13320,경영학전공,기계항공공학전공,,
2011-13321,경제학전공,,,
2011-13322,경영학전공,,,
2011-13324,경제학전공,정치학전공,,
2011-13325,경영학전공,,,
2011-13326,영어영문학전공,경영학전공,,
2011-13327,생명과학전공,과학기술학,,
2011-13328,심리학전공,화학전공,,
2011-13329,경영학전공,컴퓨터공학전공,,
2011-13330,컴퓨터공학전공,,,
2011-13331,건축학과 건축학전공(5년제),,,
2011-13333,심리학전공,경제학전공,,
2011-13334,외교학전공,국제환경학,,
2011-13335,정치학전공,경영학전공,,
2011-13337,경제학전공,재무금융,,
2011-13338,경제학전공,,,
2011-13339,경제학전공,수리과학전공,,
2011-13340,경영학전공,,,
2011-13341,생명과학전공,,,
2011-13342,사회복지학전공,경제학전공,,
2011-13343,수리과학전공,,,
2011-13344,연합전공 정보문화학,시각디자인전공,,
2011-13345,경제학전공,,,
2011-13346,서양사학전공,,,
2011-13347,경제학전공,수리과학전공,,
2011-13348,경제학전공,통계학전공,,
2011-13350,경제학전공,,,
2011-13351,수리과학전공,,,
2011-13352,미학전공,경제학전공,,
2011-13353,언론정보학전공,통계학전공,,
2011-13354,경영학전공,,,
2011-13355,국어국문학전공,언론정보학전공,,
2011-13356,심리학전공,생명과학전공,,
2011-13357,경제학전공,컴퓨터공학전공,,
2011-13358,수리과학전공,,,
2011-13359,외교학전공,작곡전공,,
2011-13361,경제학전공,,,
2011-13363,생명과학전공,,,
2011-13364,컴퓨터공학전공,시각디자인전공,,
2011-13365,경제학전공,물리학전공,,
2011-13366,경제학전공,수리과학전공,,
2011-13367,인류학전공,,,
2011-13368,심리학전공,경제학전공,,
2011-13369,지리학전공,경영학전공,,
2011-13370,정치학전공,한국학,,
2011-13373,미술사학전공,경영학전공,시각디자인전공,
2011-13375,인류학전공,경영학전공,,
2011-13376,외교학전공,생명과학전공,,
2011-13377,경제학전공,경영학전공,,
2011-13378,사회학전공,경영학전공,,
2011-13379,전기·정보공학전공,,,
2011-13380,언론정보학전공,외교학전공,,
2011-13381,일본언어문명전공,외교학전공,,
2011-13382,평화통일학,행정학,,
2011-13385,외교학전공,동아시아학,,
2011-13386,경제학전공,통계학전공,,
2011-13388,수리과학전공,,,
2011-13389,경영학전공,통계학전공,,
2011-13390,경제학전공,물리학전공,,
2011-13391,미학전공,경영학전공,,
2011-13392,경제학전공,,,
2011-13393,경영학전공,,,
2011-13394,경제학전공,,,
2011-13395,경제학전공,,,
2011-13396,경영학전공,,,
2011-13469,연합전공 정보문화학,경영학전공,,
2011-13470,심리학전공,경영학전공,,
2011-13471,경영학전공,생명과학전공,,
2011-13472,경영학전공,,,
2012-12430,컴퓨터공학전공,미디어콘텐츠경영,,
2012-13254,일본언어문명전공,경제학전공,,
2012-13255,경영학전공,,,
2012-13256,경영학전공,인권학,,
2012-13257,심리학전공,경제학전공,,
2012-13258,경제학전공,외교학전공,,
2012-13259,외교학전공,경영학전공,,
2012-13260,경제학전공,문학철학,,
2012-13261,경영학전공,,,
2012-13262,경제학전공,,,
2012-13263,경제학전공,경영학전공,,
2012-13264,정치학전공,경영학전공,,
2012-13265,외교학전공,국제개발협력학,,
2012-13266,언론정보학전공,경제학전공,,
2012-13267,사회학전공,경제학전공,,
2012-13268,경영학전공,,,
2012-13270,경제학전공,,,
2012-13271,심리학전공,,,
2012-13272,연합전공 정보문화학,경영학전공,,
2012-13273,인류학전공,경영학전공,,
2012-13274,경영학전공,,,
2012-13275,심리학전공,,,
2012-13276,경영학전공,,,
2012-13277,외교학전공,,,
2012-13278,외교학전공,연합전공 계산과학,,
2012-13279,심리학전공,경영학전공,,
2012-13280,사회학전공,경제학전공,,
2012-13281,심리학전공,연합전공 정보문화학,,
2012-13282,경제학전공,인권학,,
2012-13283,외교학전공,,,
2012-13284,경영학전공,문화서사학,,
2012-13285,정치학전공,경영학전공,,
2012-13286,언론정보학전공,경영학전공,,
2012-13287,경영학전공,,,
2012-13288,연합전공 정보문화학,경영학전공,,
2012-13289,미학전공,경영학전공,,
2012-13290,심리학전공,경영학전공,,
2012-13291,사회복지학전공,경제학전공,,
2012-13294,심리학전공,경제학전공,,
2012-13295,경제학전공,,,
2012-13296,기계항공공학전공,,,
2012-13297,경제학전공,컴퓨터공학전공,,
2012-13298,경영학전공,,,
2012-13299,경제학전공,,,
2012-13300,연합전공 정보문화학,경제학전공,,
2012-13301,경영학전공,국제환경학,,
2012-13302,심리학전공,경영학전공,,
2012-13303,경제학전공,,,
2012-13304,경제학전공,,,
2012-13305,경제학전공,,,
2012-13306,지리학전공,외교학전공,,
2012-13307,언론정보학전공,경영학전공,,
2012-13308,경영학전공,,,
2012-13309,경제학전공,수리과학전공,,
2012-13310,통계학전공,,,
2012-13311,심리학전공,컴퓨터공학전공,,
2012-13313,경제학전공,,,
2012-13314,서양사학전공,경제학전공,,
2012-13315,정치학전공,경영학전공,,
2012-13316,언론정보학전공,정치학전공,,
2012-13317,경영학전공,공공거버넌스학,,
2012-13318,심리학전공,원자핵공학전공,,
2012-13319,외교학전공,,,
2012-13320,철학전공,경제학전공,,
2012-13321,경제학전공,연합전공 기술경영,,
2012-13322,연합전공 정보문화학,경영학전공,,
2012-13323,외교학전공,경영학전공,,
2012-13324,경영학전공,데이터과학,,
2012-13325,수리과학전공,물리학전공,,
2012-13326,심리학전공,경제학전공,,
2012-13327,경제학전공,수리과학전공,,
2012-13328,언론정보학전공,정치학전공,,
2012-13329,경영학전공,혼합가치 매니지먼트,,
2012-13330,서아시아언어문명전공,외교학전공,,
2012-13332,경제학전공,,,
2012-13334,철학전공,경영학전공,,
2012-13335,중어중문학전공,경영학전공,,
2012-13336,경제학전공,외교학전공,,
2012-13337,경제학전공,통계학전공,,
2012-13338,경제학전공,,,
2012-13339,경영학전공,,,
2012-13340,연합전공 정보문화학,언론정보학전공,,
2012-13341,연합전공 정보문화학,경영학전공,,
2012-13342,경영학전공,,,
2012-13343,경영학전공,,,
2012-13344,경제학전공,연합전공 글로벌환경경영학,,
2012-13345,경제학전공,,,
2012-13346,경영학전공,,,
2012-13347,경영학전공,,,
2012-13348,경제학전공,외교학전공,,
2012-13349,생명과학전공,,,
2012-13350,미학전공,외교학전공,,
2012-13351,언론정보학전공,경영학전공,,
2012-13352,외교학전공,경영학전공,,
2012-13353,경영학전공,수리과학전공,,
2012-13354,미학전공,경제학전공,아트컴퓨팅소통학,
2012-13355,전기·정보공학전공,,,
2012-13356,경제학전공,통계학전공,,
2012-13357,심리학전공,경제학전공,,
2012-13358,경제학전공,전기·정보공학전공,,
2012-13359,경제학전공,생명과학전공,,
2012-13360,경영학전공,컴퓨터공학전공,,
2012-13361,경제학전공,경영학전공,,
2012-13362,범죄학,,,
2012-13363,정치학전공,통계학전공,,
2012-13364,전기·정보공학전공,,,
2012-13365,수리과학전공,전산논리,,
2012-13366,수리과학전공,,,
2012-13367,경제학전공,컴퓨터공학전공,,
2012-13368,생명과학전공,,,
2012-13369,연합전공 정보문화학,컴퓨터공학전공,,
2012-13370,생명과학전공,,,
2012-13371,정치학전공,법경제학,,
2012-13372,컴퓨터공학전공,,,
2012-13373,경제학전공,,,
2012-13374,연합전공 정보문화학,경제학전공,,
2012-13376,경제학전공,외교학전공,,
2012-13377,경제학전공,통계학전공,,
2012-13378,경제학전공,통계학전공,,
2012-13380,경제학전공,,,
2012-13381,생명과학전공,,,
2012-13382,경제학전공,수리과학전공,,
2012-13383,심리학전공,생명과학전공,,
2012-13385,경영학전공,컴퓨터공학전공,,
2012-13386,화학생물공학전공,,,
2012-13387,경제학전공,컴퓨터공학전공,,
2012-13388,전기·정보공학전공,,,
2012-13389,경제학전공,화학전공,,
2012-13391,경영학전공,기계항공공학전공,,
2012-13392,전기·정보공학전공,금융공학,,
2012-13393,경영학전공,,,
2012-13394,경제학전공,컴퓨터공학전공,,
2012-13396,경영학전공,,,
2012-13398,수리과학전공,,,
2012-13399,언어학전공,인공지능 인터랙션 공학,,
2012-13400,심리학전공,생명과학전공,,
2012-13401,전기·정보공학전공,,,
2012-13404,연합전공 정보문화학,컴퓨터공학전공,,
2012-13405,컴퓨터공학전공,,,
2012-13406,경영학전공,컴퓨터공학전공,,
2012-13407,수리과학전공,,,
2012-13408,심리학전공,,,
2012-13410,연합전공 정보문화학,연합전공 글로벌환경경영학,,
2012-13411,경제학전공,경영학전공,,
2012-13412,생명과학전공,,,
2012-13413,경영학전공,미디어마케팅전략학,,
2012-13414,경제학전공,,,
2012-13415,연합전공 정보문화학,정치학전공,,
2012-13416,컴퓨터공학전공,계약제도학,,
2012-13417,통계학전공,,,
2012-13418,경제학전공,통계학전공,,
2012-13419,경영학전공,재무금융,,
2012-13420,경제학전공,생명과학전공,전기·정보공학전공,
2012-13484,경제학전공,국제개발협력학,,
2012-13485,경제학전공,,,
2013-13323,미학전공,경영학전공,,
2013-13324,경제학전공,정치학전공,,
2013-13325,경영학전공,,,
2013-13326,사회복지학전공,경제학전공,,
2013-13327,미학전공,경영학전공,,
2013-13328,연합전공 정보문화학,경제학전공,,
2013-13329,심리학전공,경영학전공,,
2013-13330,지구환경과학전공,연합전공 글로벌환경경영학,,
2013-13331,사회학전공,경제학전공,,
2013-13332,경제학전공,정치학전공,,
2013-13333,정치학전공,경영학전공,,
2013-13334,서양사학전공,경제학전공,,
2013-13335,정치학전공,경영학전공,,
2013-13337,언론정보학전공,경영학전공,,
2013-13338,종교학전공,정치학전공,,
2013-13339,경영학전공,중국학,,
2013-13340,인류학전공,생명과학전공,,
2013-13343,정치학전공,,,
2013-13344,경영학전공,,,
2013-13345,사회학전공,심리학전공,,
2013-13346,중어중문학전공,사회학전공,,
2013-13347,철학전공,경제학전공,,
2013-13348,정치학전공,경영학전공,,
2013-13349,경제학전공,외교학전공,,
2013-13350,연합전공 벤처경영학,전산생물학,,
2013-13351,경영학전공,미적가치경영학,,
2013-13352,경영학전공,,,
2013-13353,경제학전공,,,
2013-13354,외교학전공,사회소통학,,
2013-13355,경제학전공,,,
2013-13356,경제학전공,문화커뮤니케이션,,
2013-13357,심리학전공,경제학전공,,
2013-13358,심리학전공,생명과학전공,,
2013-13359,연합전공 정보문화학,경제학전공,,
2013-13360,언론정보학전공,시각디자인전공,,
2013-13361,미학전공,사회학전공,,
2013-13362,인류학전공,,,
2013-13363,경영학전공,,,
2013-13364,경영학전공,,,
2013-13365,사회복지학전공,경제학전공,,
2013-13366,경영학전공,인간행동생태학,,
2013-13367,중어중문학전공,경영학전공,,
2013-13368,경제학전공,인적자원개발학,,
2013-13370,사회복지학전공,언론정보학전공,,
2013-13371,심리학전공,인권학,,
2013-13372,정치학전공,경영학전공,,
2013-13373,경제학전공,연합전공 글로벌환경경영학,,
2013-13374,경제학전공,데이터과학,,
2013-13376,서양사학전공,외교학전공,,
2013-13377,언론정보학전공,외교학전공,,
2013-13378,컴퓨터공학전공,신체 운동학,,
2013-13379,경영학전공,생명과학전공,,
2013-13380,경제학전공,수리과학전공,,
2013-13381,컴퓨터공학전공,,,
2013-13382,연합전공 정보문화학,경영학전공,,
2013-13383,철학전공,경제학전공,,
2013-13385,경영학전공,,,
2013-13386,연합전공 정보문화학,산업공학전공,,
2013-13387,심리학전공,,,
2013-13388,경영학전공,컴퓨터공학전공,,
2013-13390,경영학전공,,,
2013-13391,심리학전공,언론정보학전공,,
2013-13392,심리학전공,경제학전공,,
2013-13393,심리학전공,미적가치경영,,
2013-13394,경제학전공,생물공학,,
2013-13395,사회학전공,경영학전공,,
2013-13396,사회학전공,국제개발협력학,,
2013-13398,경제학전공,전기·정보공학전공,,
2013-13399,경제학전공,,,
2013-13400,연합전공 정보문화학,경영학전공,,
2013-13401,영어영문학전공,경영학전공,,
2013-13402,경제학전공,,,
2013-13403,영어영문학전공,,,
2013-13404,경영학전공,,,
2013-13405,경제학전공,,,
2013-13406,인류학전공,경제학전공,,
2013-13407,경제학전공,통계학전공,,
2013-13408,사회학전공,연합전공 정보문화학,,
2013-13409,경영학전공,,,
2013-13410,철학전공,경제학전공,,
2013-13411,경영학전공,동아시아환경학,,
2013-13412,연합전공 정보문화학,경영학전공,,
2013-13413,연합전공 정보문화학,컴퓨터공학전공,,
2013-13415,경제학전공,,,
2013-13416,인류학전공,경제학전공,,
2013-13417,경제학전공,,,
2013-13418,경영학전공,컴퓨터공학전공,,
2013-13419,심리학전공,경영학전공,,
2013-13420,심리학전공,경제학전공,,
2013-13421,연합전공 정보문화학,경영학전공,,
2013-13422,외교학전공,동아시아인문학,,
2013-13423,경영학전공,,,
2013-13424,연합전공 정보문화학,컴퓨터공학전공,,
2013-13425,국사학전공,경제학전공,,
2013-13426,수리과학전공,,,
2013-13427,연합전공 정보문화학,컴퓨터공학전공,,
2013-13428,수리과학전공,물리학전공,,
2013-13429,심리학전공,경영학전공,,
2013-13430,통계학전공,컴퓨터공학전공,,
2013-13431,경영학전공,수리과학전공,,
2013-13433,경영학전공,운동과학,,
2013-13434,경제학전공,통계학전공,,
2013-13435,인류학전공,생명과학전공,,
2013-13436,컴퓨터공학전공,,,
2013-13437,경제학전공,화학생물공학전공,,
2013-13438,경제학전공,,,
2013-13439,수리과학전공,,,
2013-13440,경영학전공,생명과학전공,,
2013-13441,산업공학전공,컴퓨터공학전공,,
2013-13443,건축학과 건축학전공(5년제),,,
2013-13444,화학생물공학전공,,,
2013-13445,생명과학전공,,,
2013-13446,경영학전공,생명과학전공,,
2013-13447,생명과학전공,컴퓨터공학전공,,
2013-13448,심리학전공,통계학전공,,
2013-13449,심리학전공,생명과학전공,,
2013-13450,경제학전공,통계학전공,,
2013-13451,경영학전공,,,
2013-13453,경영학전공,컴퓨터공학전공,,
2013-13454,생명과학전공,,,
2013-13455,전기·정보공학전공,,,
2013-13456,서양사학전공,경제학전공,,
2013-13457,통계학전공,연합전공 계산과학,,
2013-13458,미술사학전공,연합전공 정보문화학,,
2013-13459,생명과학전공,,,
2013-13460,심리학전공,통계학전공,,
2013-13461,경제학전공,통계학전공,,
2013-13462,수리과학전공,전기·정보공학전공,,
2013-13463,경영학전공,생산 공학,,
2013-13464,경제학전공,,,
2013-13465,생명과학전공,컴퓨터공학전공,,
2013-13466,미학전공,전기·정보공학전공,,
2013-13467,경제학전공,통계학전공,,
2013-13468,경제학전공,통계학전공,,
2013-13469,연합전공 기술경영,전기·정보공학전공,,
2013-13470,연합전공 정보문화학,전기·정보공학전공,,
2013-13471,경제학전공,연합전공 벤처경영학,,
2013-13472,수리과학전공,컴퓨터공학전공,,
2013-13473,연합전공 기술경영,전기·정보공학전공,,
2013-13474,경제학전공,통계학전공,,
2013-13475,경제학전공,미래학,,
2013-13476,경영학전공,,,
2013-13477,경제학전공,통계학전공,,
2013-13478,기계항공공학전공,,,
2013-13479,경제학전공,통계학전공,,
2013-13480,경제학전공,수리과학전공,,
2013-13484,컴퓨터공학전공,,,
2013-13485,생명과학전공,화학생물공학전공,,
2013-13486,경영학전공,생명과학전공,,
2013-13520,경영학전공,,,
2013-13521,경영학전공,의류학전공,,
2014-10162,정치학전공,법규범진화학,,
2014-10170,경제학전공,연합전공 기술경영,,
2014-10228,경영학전공,,,
2014-10364,컴퓨터공학전공,,,
2014-10388,경제학전공,산업공학전공,,
2014-10533,정치학전공,,,
2014-10568,경제학전공,,,
2014-10658,연합전공 정보문화학,수리과학전공,,
2014-10668,수리과학전공,물리학전공,,
2014-10710,미학전공,외교학전공,,
2014-10753,경영학전공,,,
2014-10955,심리학전공,연합전공 정보문화학,,
2014-11012,컴퓨터공학전공,,,
2014-11217,경영학전공,컴퓨터공학전공,,
2014-11301,인류학전공,경제학전공,,
2014-11476,컴퓨터공학전공,시각디자인전공,,
2014-11496,경제학전공,국제금융학,,
2014-11713,사회학전공,경제학전공,,
2014-11745,사회학전공,경제학전공,,
2014-11751,경영학전공,공공거버넌스학,,
2014-11772,중어중문학전공,경제학전공,,
2014-11800,심리학전공,컴퓨터공학전공,,
2014-11868,국어국문학전공,연합전공 영상매체예술,,
2014-12071,컴퓨터공학전공,,,
2014-12156,경제학전공,화학생물공학전공,,
2014-12163,언론정보학전공,정치학전공,,
2014-12242,외교학전공,경영학전공,,
2014-12268,동남아시아언어문명전공,경제학전공,,
2014-12288,심리학전공,생명과학전공,,
2014-12364,경제학전공,,,
2014-12377,경제학전공,공공관리학,,
2014-12439,경영학전공,통계학전공,,
2014-12529,언어학전공,컴퓨터공학전공,,
2014-12538,국어국문학전공,경영학전공,,
2014-12540,심리학전공,경제학전공,,
2014-12565,사회학전공,경영학전공,,
2014-12654,경영학전공,,,
2014-12676,연합전공 정보문화학,경영학전공,,
2014-12728,수리과학전공,,,
2014-12759,언어학전공,전기·정보공학전공,,
2014-12806,경제학전공,통계학전공,,
2014-12809,경영학전공,생명과학전공,,
2014-12923,경영학전공,기계공학전공,,
2014-12976,중어중문학전공,경영학전공,,
2014-13028,경영학전공,화학생물공학전공,,
2014-13114,인류학전공,컴퓨터공학전공,,
2014-13346,서어서문학전공,경영학전공,,
2014-13395,경제학전공,,,
2014-13435,경제학전공,,,
2014-13478,외교학전공,,,
2014-13563,심리학전공,화학생물공학전공,,
2014-13745,영어영문학전공,심리학전공,,
2014-13782,국어국문학전공,미학전공,,
2014-13824,재료공학전공,,,
2014-13936,일본언어문명전공,경제학전공,,
2014-13968,심리학전공,경제학전공,,
2014-13979,인류학전공,경제학전공,,
2014-14022,경영학전공,전기·정보공학전공,,
2014-14132,인류학전공,연합전공 정보문화학,,
2014-14246,언어학전공,물리학전공,,
2014-14439,경제학전공,,,
2014-14479,사회학전공,소셜 컴퓨팅,,
2014-14599,경제학전공,제도발전학,,
2014-14605,의류학전공,,,
2014-14630,경제학전공,통계학전공,,
2014-14847,인류학전공,생명과학전공,,
2014-14873,철학전공,생명과학전공,,
2014-14874,사회복지학전공,외교학전공,,
2014-14888,생명과학전공,전기·정보공학전공,,
2014-14935,경영학전공,의류학전공,,
2014-14945,지리학전공,경영학전공,,
2014-14993,정치학전공,컴퓨터공학전공,,
2014-15005,철학전공,,,
2014-15126,경영학전공,산업공학전공,공업디자인전공,
2014-15298,경영학전공,,,
2014-15481,철학전공,심리학전공,,
2014-15502,컴퓨터공학전공,,,
2014-15506,심리학전공,경제학전공,,
2014-15541,경제학전공,생명과학전공,,
2014-15565,미학전공,언론정보학전공,,
2014-15691,기계공학전공,,,
2014-15731,산업공학전공,전기·정보공학전공,,
2014-15747,경제학전공,범죄학,,
2014-15753,전기·정보공학전공,연합전공 글로벌환경경영학,,
2014-16051,외교학전공,수리과학전공,,
2014-16058,경제학전공,컴퓨터공학전공,,
2014-16112,경영학전공,동아시아학,,
2014-16114,사회학전공,경영학전공,,
2014-16181,경제학전공,,,
2014-16200,수리과학전공,컴퓨터공학전공,,
2014-16230,연합전공 정보문화학,경영학전공,,
2014-16422,전기·정보공학전공,,,
2014-16484,경제학전공,환경정책학,,
2014-16615,컴퓨터공학전공,,,
2014-16702,경제학전공,인권학,,
2014-16766,경제학전공,물리학전공,,
2014-16801,물리학전공,,,
2014-16948,경영학전공,통계학전공,,
2014-17033,경제학전공,,,
2014-17210,통계학전공,연합전공 계산과학,,
2014-17230,경영학전공,건축학과 건축학전공(5년제),,
2014-17249,경영학전공,,,
2014-17254,경제학전공,통계학전공,,
2014-17308,영어영문학전공,외교학전공,,
2014-17323,건설환경공학전공,,,
2014-17367,경제학전공,통계학전공,,
2014-17486,경제학전공,외교학전공,,
2014-17511,경제학전공,,,
2014-17663,언론정보학전공,경영학전공,,
2014-17713,경영학전공,연합전공 영상매체예술,,
2014-17770,미술사학전공,경영학전공,,
2014-17776,경제학전공,,,
2014-17798,심리학전공,경영학전공,,
2014-17819,사회학전공,외교학전공,,
2014-17831,심리학전공,컴퓨터공학전공,행복학,
2014-17900,수리과학전공,전기·정보공학전공,,
2014-18024,연합전공 정보문화학,경영학전공,,
2014-18061,경제학전공,통계학전공,,
2014-18200,컴퓨터공학전공,,,
2014-18239,경제학전공,컴퓨터공학전공,,
2014-18248,경제학전공,,,
2014-18273,철학전공,컴퓨터공학전공,,
2014-18300,생명과학전공,,,
2014-18408,경제학전공,조선해양공학전공,,
2014-18422,시각디자인전공,놀이문화학,,
2014-18448,경제학전공,외교학전공,,
2014-18449,컴퓨터공학전공,인터랙션디자인,,
2014-18467,서어서문학전공,정치학전공,,
2014-18474,전기·정보공학전공,,,
2014-18555,기계공학전공,,,
2014-18687,경영학전공,정치경제철학,,
2014-18765,경제학전공,,,
2014-18935,컴퓨터공학전공,,,
2014-19008,연합전공 정보문화학,경영학전공,,
2014-19090,심리학전공,경제학전공,,
2014-19180,연합전공 정보문화학,컴퓨터공학전공,,
2014-19250,기계공학전공,,,
2014-19264,국어국문학전공,경영학전공,,
2014-19295,경영학전공,,,
2014-19357,언론정보학전공,경영학전공,,
2014-19635,경영학전공,산업공학전공,,
2014-19677,인류학전공,통계학전공,,
2014-19742,생명과학전공,기계공학전공,,
2014-19862,정치학전공,지속가능성학,,
2014-19877,서아시아언어문명전공,외교학전공,,
2014-19899,경제학전공,컴퓨터공학전공,,
2015-10006,컴퓨터공학전공,디지털 인문학: 동아시아,,
2015-10010,경제학전공,연합전공 기술경영,,
2015-10253,컴퓨터공학전공,기계공학전공,,
2015-10378,생명과학전공,,,
2015-10394,경영학전공,,,
2015-10549,경제학전공,정치학전공,,
2015-10584,연합전공 정보문화학,경영학전공,,
2015-10590,서양화전공,,,
2015-10906,연합전공 정보문화학,전기·정보공학전공,,
2015-10948,지리학전공,경영학전공,,
2015-10962,심리학전공,컴퓨터공학전공,,
2015-11078,경영학전공,,,
2015-11258,심리학전공,산업공학전공,,
2015-11290,심리학전공,경제학전공,,
2015-11397,언론정보학전공,경영학전공,,
2015-11444,연합전공 정보문화학,경영학전공,,
2015-11461,중어중문학전공,경제학전공,,
2015-11478,독어독문학전공,경제학전공,,
2015-11703,경영학전공,컴퓨터공학전공,,
2015-11713,국어국문학전공,언론정보학전공,,
2015-11773,연합전공 정보문화학,경영학전공,,
2015-11913,연합전공 정보문화학,경영학전공,,
2015-11952,물리학전공,컴퓨터공학전공,,
2015-11998,언론정보학전공,경영학전공,,
2015-12203,정치학전공,경영학전공,,
2015-12464,물리학전공,지식생태학,,
2015-12802,미학전공,경영학전공,,
2015-12860,인류학전공,경제학전공,,
2015-13033,경영학전공,,,
2015-13058,수리과학전공,컴퓨터공학전공,,
2015-13155,경제학전공,생명과학전공,,
2015-13390,화학전공,,,
2015-13436,고고학전공,경영학전공,,
2015-13521,컴퓨터공학전공,,,
2015-13692,언어학전공,생명과학전공,,
2015-13707,국어국문학전공,정치학전공,,
2015-13754,서어서문학전공,경영학전공,,
2015-13796,심리학전공,연합전공 정보문화학,,
2015-13831,경영학전공,,,
2015-13907,경제학전공,,,
2015-13964,경영학전공,화학생물공학전공,,
2015-14047,철학전공,경제학전공,,
2015-14114,컴퓨터공학전공,연합전공 영상매체예술,,
2015-14115,언론정보학전공,경영학전공,,
2015-14211,경영학전공,전기·정보공학전공,,
2015-14214,경제학전공,외교학전공,,
2015-14322,철학전공,물리학전공,,
2015-14368,경영학전공,통계학전공,,
2015-14393,경영학전공,매체예술소통학,,
2015-14403,경제학전공,컴퓨터공학전공,,
2015-14607,화학생물공학전공,,,
2015-14678,경제학전공,동아시아학,,
2015-14721,경영학전공,디지털미디어,,
2015-14728,미학전공,심리학전공,,
2015-14734,산업공학전공,,,
2015-14906,전기·정보공학전공,,,
2015-15011,화학생물공학전공,,,
2015-15069,경영학전공,통계학전공,,
2015-15365,경제학전공,산업공학전공,,
2015-15382,우주항공공학전공,,,
2015-15707,화학전공,,,
2015-15766,정치학전공,감정학,,
2015-15824,수리과학전공,음악미학,,
2015-15918,언론정보학전공,경제학전공,,
2015-16074,경제학전공,,,
2015-16479,경제학전공,통계학전공,,
2015-16498,경제학전공,연합전공 계산과학,,
2015-16518,철학전공,경제학전공,,
2015-16535,연합전공 정보문화학,컴퓨터공학전공,,
2015-16658,화학전공,,,
2015-16845,경제학전공,,,
2015-16890,컴퓨터공학전공,가치과학공학,,
2015-16975,경영학전공,생명과학전공,,
2015-17046,경제학전공,의사결정학,,
2015-17258,경영학전공,컴퓨터공학전공,,
2015-17505,심리학전공,연합전공 정보문화학,,
2015-17553,심리학전공,경영학전공,,
2015-17784,경제학전공,외교학전공,,
2015-17817,사회복지학전공,경제학전공,,
2015-17894,경제학전공,,,
2015-17900,국어국문학전공,경제학전공,,
2015-17912,기계공학전공,양자정보공학,,
2015-18067,경제학전공,생명과학전공,,
2015-18195,경제학전공,시스템 신경과학,,
2015-18359,물리학전공,컴퓨터공학전공,,
2015-18463,미술사학전공,경영학전공,,
2015-18475,경제학전공,통계학전공,,
2015-18480,경영학전공,컴퓨터공학전공,,
2015-18516,언론정보학전공,문화매체비평학,,
2015-18611,사회학전공,통계학전공,,
2015-18839,경영학전공,컴퓨터공학전공,,
2015-18848,미술사학전공,생명과학전공,,
2015-18859,심리학전공,,,
2015-18879,정치학전공,경영학전공,,
2015-18967,언론정보학전공,경제학전공,,
2015-19007,전기·정보공학전공,,,
2015-19028,컴퓨터공학전공,,,
2015-19158,생명과학전공,,,
2015-19166,경영학전공,생명과학전공,,
2015-19359,경제학전공,통계학전공,,
2015-19410,경제학전공,컴퓨터공학전공,,
2015-19458,컴퓨터공학전공,시각디자인전공,,
2015-19670,심리학전공,경영학전공,,
2015-19683,수리과학전공,컴퓨터공학전공,,
2015-19766,심리학전공,통계학전공,,
2015-19936,생명과학전공,물리학전공,,
2015-19988,컴퓨터공학전공,기계공학전공,,
2016-10033,경영학전공,,,
2016-10177,사회학전공,경제학전공,,
2016-10341,경제학전공,지구환경과학전공,,
2016-10353,외교학전공,경영학전공,,
2016-10459,경제학전공,정보관리와 자료분석학,,
2016-10475,물리학전공,컴퓨터공학전공,,
2016-10663,사회학전공,융합정보학,,
2016-10823,심리학전공,언론정보학전공,,
2016-10975,경제학전공,컴퓨터공학전공,,
2016-11049,연합전공 정보문화학,경영학전공,,
2016-11106,경제학전공,통계학전공,,
2016-11173,경영학전공,연합전공 글로벌환경경영학,,
2016-11236,동남아시아언어문명전공,경영학전공,,
2016-11306,경영학전공,,,
2016-11468,경제학전공,경영학전공,,
2016-11575,경제학전공,수리과학전공,,
2016-11628,중어중문학전공,경제학전공,,
2016-11638,경제학전공,외교학전공,,
2016-11737,미학전공,미술사학전공,,
2016-11781,언론정보학전공,경제학전공,,
2016-11848,연합전공 정보문화학,컴퓨터공학전공,,
2016-11922,화학생물공학전공,,,
2016-12184,생명과학전공,컴퓨터공학전공,,
2016-12204,언론정보학전공,소비자학전공,,
2016-12214,통계학전공,산업공학전공,,
2016-12533,외교학전공,시각디자인전공,,
2016-12632,통계학전공,컴퓨터공학전공,,
2016-12670,철학전공,컴퓨터공학전공,,
2016-12686,연합전공 동아시아비교인문학,경제학전공,,
2016-12754,심리학전공,연합전공 정보문화학,컴퓨터공학전공,
2016-12834,경영학전공,컴퓨터공학전공,,
2016-12939,경제학전공,,,
2016-13119,경영학전공,,,
2016-13184,경제학전공,소비자학전공,,
2016-13206,연합전공 정보문화학,컴퓨터공학전공,,
2016-13445,경영학전공,컴퓨터공학전공,,
2016-13604,수리과학전공,,,
2016-13630,정치학전공,경영학전공,,
2016-13786,생명과학전공,화학생물공학전공,,
2016-14040,심리학전공,경영학전공,,
2016-14121,경제학전공,기계공학전공,,
2016-14195,전기·정보공학전공,,,
2016-14301,수리과학전공,컴퓨터공학전공,,
2016-14451,식품영양학전공,,,
2016-14483,미학전공,수리과학전공,,
2016-14594,경제학전공,외교학전공,,
2016-14677,경영학전공,생명과학전공,,
2016-14685,경제학전공,열대학,,
2016-14703,경제학전공,통계학전공,,
2016-14803,경제학전공,,,
2016-14961,연합전공 기술경영,전기·정보공학전공,,
2016-15077,경영학전공,컴퓨터공학전공,,
2016-15131,경영학전공,뇌인지구조와 행동,,
2016-15400,컴퓨터공학전공,,,
2016-15626,경영학전공,생명과학전공,,
2016-15664,언론정보학전공,외교학전공,,
2016-15666,경영학전공,지속가능한 푸드시스템,,
2016-15701,경제학전공,정치학전공,,
2016-15995,경영학전공,,,
2016-16019,경제학전공,스포츠데이터과학,,
2016-16050,컴퓨터공학전공,인간운동과학,,
2016-16123,외교학전공,경영학전공,,
2016-16229,심리학전공,경영학전공,,
2016-16331,경제학전공,,,
2016-16334,심리학전공,연합전공 정보문화학,,
2016-16491,경영학전공,생명과학전공,,
2016-16493,화학생물공학전공,,,
2016-16892,경영학전공,,,
2016-16940,철학전공,미의 신경과학,,
2016-17060,경제학전공,,,
2016-17114,경영학전공,생명과학전공,,
2016-17422,언론정보학전공,경영학전공,,
2016-17443,경제학전공,제도윤리학,,
2016-17447,컴퓨터공학전공,,,
2016-17466,경영학전공,컴퓨터공학전공,,
2016-17553,심리학전공,경영학전공,,
2016-17877,경제학전공,통계학전공,,
2016-17944,경영학전공,,,
2016-17955,경제학전공,,,
2016-18058,경제학전공,,,
2016-18238,미학전공,심리학전공,전기·정보공학전공,
2016-18271,경제학전공,역사분쟁학,,
2016-18566,언론정보학전공,경제학전공,,
2016-18818,경영학전공,기계공학전공,,
2016-18823,연합전공 정보문화학,경영학전공,,
2016-18875,경영학전공,,,
2016-18905,심리학전공,경영학전공,,
2016-18940,생명과학전공,,,
2016-19108,경영학전공,,,
2016-19493,경영학전공,,,
2016-19602,심리학전공,경제학전공,,
2016-19685,전기·정보공학전공,,,
2016-19786,경영학전공,,,
2016-19979,경영학전공,컴퓨터공학전공,,
2017-10089,경제학전공,산업공학전공,,
2017-10101,언론정보학전공,경영학전공,,
2017-10342,생명과학전공,,,
2017-10815,화학생물공학전공,,,
2017-10825,정치학전공,인지정치경제학,,
2017-10938,경영학전공,컴퓨터공학전공,,
2017-10970,경제학전공,,,
2017-11379,언론정보학전공,경영학전공,,
2017-11436,경제학전공,외교학전공,,
2017-11458,사회학전공,경영학전공,,
2017-11557,경제학전공,외교학전공,,
2017-11625,경제학전공,범죄학,,
2017-11785,통계학전공,컴퓨터공학전공,,
2017-11956,경제학전공,사회생태학,,
2017-12247,통계학전공,컴퓨터공학전공,,
2017-12336,경제학전공,,,
2017-12378,철학전공,경제학전공,,
2017-12493,경영학전공,조경학전공,,
2017-12689,심리학전공,경영학전공,,
2017-12708,경제학전공,,,
2017-12722,경제학전공,행복학,,
2017-12794,중어중문학전공,경영학전공,,
2017-13209,경제학전공,과학기술소통학,,
2017-13242,물리학전공,전기·정보공학전공,,
2017-13644,연합전공 정보문화학,경영학전공,,
2017-14434,수리과학전공,컴퓨터공학전공,,
2017-14549,경제학전공,통계학전공,,
2017-14604,경제학전공,통계학전공,,
2017-14718,생명과학전공,,,
2017-14820,외교학전공,경영학전공,,
2017-14858,언론정보학전공,산업공학전공,,
2017-14922,연합전공 정보문화학,경제학전공,,
2017-14958,경영학전공,시각디자인전공,,
2017-15015,경제학전공,정치학전공,,
2017-15270,언론정보학전공,경제학전공,,
2017-15294,경제학전공,통계학전공,,
2017-15470,경영학전공,과학기술거버넌스,,
2017-15741,연합전공 정보문화학,경영학전공,,
2017-15835,인류학전공,언론정보학전공,,
2017-15852,언론정보학전공,경영학전공,,
2017-15863,경제학전공,,,
2017-15944,사회학전공,경제학전공,,
2017-15975,경제학전공,통계학전공,,
2017-16295,화학생물공학전공,,,
2017-16345,심리학전공,경영학전공,,
2017-16383,컴퓨터공학전공,시각디자인전공,,
2017-16415,경제학전공,통계학전공,,
2017-16445,심리학전공,경영학전공,,
2017-16478,연합전공 정보문화학,영화영상학,,
2017-16515,연합전공 정보문화학,경영학전공,,
2017-16707,사회학전공,경영학전공,,
2017-16781,연합전공 정보문화학,경영학전공,,
2017-16977,인류학전공,심리학전공,경영학전공,
2017-17058,언론정보학전공,경영학전공,,
2017-17106,국사학전공,정치학전공,,
2017-17237,경영학전공,컴퓨터공학전공,,
2017-17261,경영학전공,,,
2017-17363,지리학전공,경제학전공,,
2017-17451,컴퓨터공학전공,시각디자인전공,,
2017-17511,연합전공 정보문화학,경영학전공,,
2017-17609,경영학전공,조경학전공,,
2017-17615,경영학전공,생명과학전공,,
2017-17644,경제학전공,국가행복심리학,,
2017-17645,심리학전공,경영학전공,,
2017-17810,영어영문학전공,경영학전공,,
2017-17899,정치학전공,컴퓨터공학전공,,
2017-18373,화학전공,컴퓨터공학전공,,
2017-18511,경제학전공,연합전공 글로벌환경경영학,,
2017-18647,심리학전공,경영학전공,,
2017-18663,미학전공,경영학전공,,
2017-18749,정치학전공,,,
2017-19133,경영학전공,통계학전공,,
2017-19213,경제학전공,컴퓨터공학전공,,
2017-19481,경제학전공,통계학전공,,
2017-19565,연합전공 정보문화학,컴퓨터공학전공,,
2017-19618,언론정보학전공,연합전공 계산과학,,
2017-19636,경제학전공,연합전공 기술경영,,
2017-19847,산업공학전공,식품생명공학전공,,
2017-19909,경영학전공,식품생명공학전공,,
2018-10132,경영학전공,음악사회학,,
2018-10284,컴퓨터공학전공,,,
2018-10535,지리학전공,경영학전공,,
2018-11103,연합전공 정보문화학,경영학전공,,
2018-11573,심리학전공,경영학전공,,
2018-11741,경제학전공,,,
2018-12042,심리학전공,경영학전공,,
2018-12430,통계학전공,컴퓨터공학전공,,
2018-13081,경제학전공,통계학전공,,
2018-13086,외교학전공,경영학전공,,
2018-13962,경영학전공,,,
2018-14000,컴퓨터공학전공,,,
2018-14070,컴퓨터공학전공,,,
2018-14110,경제학전공,,,
2018-14579,심리학전공,경영학전공,,
2018-14658,사회학전공,연합전공 글로벌환경경영학,,
2018-15016,중어중문학전공,경영학전공,,
2018-15184,경제학전공,정치학전공,,
2018-15262,심리학전공,경제학전공,,
2018-15487,수리과학전공,컴퓨터공학전공,,
2018-15520,과학학,,,
2018-16079,철학전공,심리학전공,,
2018-16192,경제학전공,정치학전공,,
2018-16371,철학전공,컴퓨터공학전공,,
2018-16682,언어학전공,심리학전공,,
2018-16721,경영학전공,생명과학전공,,
2018-17514,경영학전공,컴퓨터공학전공,,
2018-17819,심리학전공,경영학전공,,
2018-18045,심리학전공,통계학전공,,
2018-18100,지리학전공,경제학전공,,
2018-18457,경영학전공,,,
2018-18699,경제학전공,컴퓨터공학전공,,
2018-19035,생명과학전공,,,
2018-19063,생명과학전공,전기·정보공학전공,,
2018-19265,영어영문학전공,경제학전공,,
2018-19392,경제학전공,통계학전공,,
2018-19803,연합전공 정보문화학,경제학전공,,
2018-19888,경영학전공,,,
2018-19915,연합전공 정보문화학,경영학전공,,
2019-11120,영어영문학전공,통계학전공,,
2019-11395,정치학전공,경영학전공,,
2019-13325,철학전공,경제학전공,,
2019-13652,경영학전공,,,
2019-13774,수리과학전공,전기·정보공학전공,,
2019-14244,경제학전공,연합전공 기술경영,,
2019-15628,경제학전공,인간 중심 도시공학,,
2019-18699,경영학전공,인체규범학,,
2019-19222,경영학전공,컴퓨터공학전공,,
2019-19464,경영학전공,,,
